src_network_segment,dst_network_segment,dst_gn,dst_site,dst_location,service_label,protocol,port,decision,matched_policy_id,matched_policy_name,matched_policy_action,reason
192.168.10.0/24,10.0.0.0/24,GN01,HSINCHU,WEB,http,tcp,80,ALLOW,10,allow-http-src10-to-web,accept,MATCH_POLICY_ACCEPT
192.168.10.0/24,10.0.0.0/24,GN01,HSINCHU,WEB,ssh,tcp,22,DENY,,,,IMPLICIT_DENY
192.168.20.0/24,10.0.0.0/24,GN01,HSINCHU,WEB,http,tcp,80,DENY,,,,IMPLICIT_DENY
192.168.20.0/24,10.0.0.0/24,GN01,HSINCHU,WEB,ssh,tcp,22,DENY,,,,IMPLICIT_DENY
